eButterfly_species,GBIF_species,GBIF_verbatimScientificName,LepTraits_name,BAMONA_name,Chowdhury_name,aveWingspan,black,gray,white,brown,red,orange,yellow,green,blue,pink,purple,eyespot,stripe,checker,tail,band,spot,colorDiversity,featureDiversity,is_migratory,notes
Abaeis nicippe,Abaeis nicippe,,Abaeis nicippe,,Eurema_nicippe,3.935,1,0,0,1,1,1,1,0,0,0,0,0,0,0,0,0,1,5,1,TRUE,
Achalarus lyciades,,Thorybes lyciades,Achalarus lyciades,,,4.865,1,0,1,1,1,0,0,0,0,0,0,0,0,1,0,1,0,4,2,TRUE,
Eantis tamenund,,Eantis tamenund,Eantis tamenund,Eantis tamenund,,NA,0,1,0,1,0,0,0,0,1,0,1,0,0,0,0,1,1,4,2,FALSE,
Adelpha californica,Limenitis bredowii,Adelpha californica,Adelpha bredowii,Adelpha californica,Adelpha bredowii,7.23333,1,0,1,1,0,1,0,0,1,0,0,0,0,0,0,1,0,5,1,UNKNOWN,
Aglais io,Aglais io,,Aglais io,,Inachis io,4.55,1,0,0,1,0,0,0,0,1,0,0,0,0,0,0,0,1,3,1,TRUE,
Aglais milberti,Aglais milberti,,Aglais milberti,,,4.92,1,0,0,0,1,1,1,0,1,0,0,0,0,0,0,1,1,5,2,TRUE,
Agraulis vanillae,Dione vanillae,,Agraulis vanillae,,,6.655,1,0,1,1,0,1,0,0,0,0,0,0,0,0,0,0,1,4,1,TRUE,
Amblyscirtes aesculapius,Mastor aesculapius,,Amblyscirtes aesculapius,Amblyscirtes aesculapius,,3.25,1,0,1,1,0,0,1,0,0,0,0,0,0,1,0,0,1,4,2,FALSE,
Amblyscirtes hegon,Mastor hegon,,Amblyscirtes hegon,Amblyscirtes hegon,,2.51,1,1,0,1,1,0,0,1,0,0,0,0,0,0,0,1,1,5,2,FALSE,
Amblyscirtes vialis,Mastor vialis,,Amblyscirtes vialis,Amblyscirtes vialis,,2.52775,1,1,1,1,0,0,0,0,0,0,0,0,0,0,0,0,1,4,1,FALSE,
Amblyscirtes celia,,Amblyscirtes celia,Amblyscirtes celia,,,2.5,0,1,1,1,0,0,0,0,0,0,0,0,0,0,0,0,1,3,1,FALSE,
Anaea aidea,Anaea aidea,,Anaea aidea,,,7,0,0,0,0,0,0,0,0,0,0,0,0,0,0,0,0,0,0,0,FALSE,
Anaea andria,Anaea andria,,Anaea andria,,,6.39,0,0,0,0,1,0,1,0,0,0,0,0,0,0,1,1,0,2,2,FALSE,
Anartia jatrophae,Anartia jatrophae,,Anartia jatrophae,,,5.03,1,0,1,1,0,0,0,0,0,0,0,0,0,0,0,0,1,3,1,FALSE,
Anatrytone logan,Atrytone delaware,,Anatrytone logan,Anatrytone logan,,3.07778,1,0,0,0,0,1,1,0,0,0,0,0,0,0,0,0,0,3,0,FALSE,
Ancyloxypha numitor,Ancyloxypha numitor,,Ancyloxypha numitor,,,2.29,1,0,0,0,0,1,1,0,0,0,0,0,0,0,0,0,0,3,0,FALSE,
Anthanassa texana,Anthanassa texana,,Anthanassa texana,,,3.735,1,0,1,0,1,0,0,0,0,0,0,0,0,0,0,1,1,3,2,FALSE,
Anthanassa tulcis,Anthanassa tulcis,,NA,,,NA,1,0,1,0,0,0,0,0,0,0,0,0,0,0,0,1,0,2,1,FALSE,
Anthocharis midea,Anthocharis midea,,Anthocharis midea,,,3.75,1,0,0,0,0,1,0,1,0,0,0,0,0,0,0,0,1,3,1,FALSE,
Anthocharis sara,"Anthocharis sara, Anthocharis thoosa",,Anthocharis sara,,,3.46,1,0,1,0,1,1,1,1,0,0,0,0,0,0,0,0,1,6,1,FALSE,
Apodemia mormo,,"Apodemia mormo, Apodemia mormo autumnalis, Apodemia mormo langei, Apodemia mormo parva, Apodemia mormo tuolumnensis",Apodemia mormo,,,2.525,1,1,1,1,1,1,0,0,0,0,0,0,0,1,0,0,1,6,2,FALSE,
,Apodemia virgulti,,Apodemia virgulti,Apodemia virgulti,,2.525,,,,,,,,,,,,0,0,1,0,0,1,,2,,
Ascia monuste,Ascia monuste,,Ascia monuste,,,5.53,1,0,1,0,0,0,0,0,0,0,0,0,0,0,0,0,1,2,1,TRUE,
Asterocampa celtis,Asterocampa celtis,,Asterocampa celtis,,,5.2625,1,0,1,1,1,0,0,0,0,0,0,1,0,0,0,0,1,4,2,TRUE,
Asterocampa clyton,Asterocampa clyton,,Asterocampa clyton,,,5.7125,1,0,1,1,0,1,0,0,0,0,0,1,0,0,0,0,1,4,2,TRUE,
Asterocampa leilia,Asterocampa leilia,,Asterocampa leilia,,,5.05,1,0,1,1,0,0,0,0,0,0,0,1,0,0,0,0,1,3,2,FALSE,
Atalopedes campestris,Atalopedes campestris,,Atalopedes campestris,,,3.3625,1,0,1,1,0,1,1,0,0,0,0,0,0,0,0,0,1,5,1,TRUE,
Atlides halesus,Atlides halesus,,Atlides halesus,,,3.6,1,0,0,0,1,1,0,0,1,0,0,0,0,0,1,0,0,4,1,FALSE,
Atrytonopsis hianna,Atrytonopsis hianna,,Atrytonopsis hianna,,,3.724107143,1,1,1,1,0,0,0,0,0,0,0,0,0,0,0,0,1,4,1,FALSE,
Autochton cellus,,Telegonus cellus,Autochton cellus,,,4.178571429,1,1,1,1,0,0,1,0,0,0,0,0,0,0,0,1,0,5,1,FALSE,
Battus philenor,Battus philenor,,Battus philenor,,,8.73025,0,0,0,0,0,1,0,1,1,0,0,0,0,0,0,0,1,3,1,TRUE,
Battus polydamas,Battus polydamas,,Battus polydamas,,,8.667056818,1,0,0,0,0,0,1,0,0,0,0,0,0,0,1,1,0,2,2,TRUE,
Boloria bellona,Clossiana toddi,,Boloria bellona,,,4.09,1,0,1,1,1,1,0,0,0,0,1,0,0,0,0,0,1,6,1,FALSE,
Boloria chariclea,"Boloria chariclea, Argynnis butleri, Clossiana chariclea, Clossiana helena, Clossiana montinus",,Boloria chariclea,,,3.5,1,0,1,1,0,1,1,0,0,0,1,0,0,0,0,1,1,6,2,FALSE,
Boloria epithore,Boloria epithore,,Boloria epithore,,,4,1,0,0,1,0,1,0,0,0,0,1,0,0,0,0,0,0,4,0,TRUE,
Boloria eunomia,"Boloria eunomia, Proclossiana aphirape",,Boloria eunomia,,,3.7825,1,0,1,1,1,1,0,0,0,0,0,0,0,0,0,1,1,5,2,FALSE,
Boloria freija,"Boloria freija, Clossiana freija",,Boloria freija,,,3.645833334,1,0,1,1,0,1,0,0,0,0,0,0,0,0,0,0,1,4,1,FALSE,
Boloria frigga,"Boloria frigga, Clossiana frigga",,Boloria frigga,,,4.2125,1,0,1,1,0,1,0,0,0,0,0,0,0,0,0,0,0,4,0,FALSE,
Boloria selene,,"Boloria myrina, Boloria myrina atrocostalis, Boloria myrina myrina, Boloria myrina nebraskensis, Boloria myrina sabulocollis, Boloria myrina tollandensis, Boloria myrina terraenovae",Boloria selene,,,4.99,1,0,0,0,0,1,0,0,0,0,0,0,0,0,0,0,1,2,1,TRUE,
Brephidium exilis,Brephidium exilis,,Brephidium exilis,,Braphidium exilis,1.7,1,0,1,1,0,0,0,0,1,0,0,0,0,0,0,0,1,4,1,TRUE,
,Burnsius albezens,,Pyrgus albescens,Burnsius albescens,,2.6835,,,,,,,,,,,,0,0,0,0,0,1,,1,,
Cogia calchas,Caicella calchas,,Cogia calchas,Cogia calchas,,3.17915,0,1,1,1,0,0,0,0,0,0,0,0,0,0,0,0,1,3,1,FALSE,
Calephelis nemesis,Calephelis nemesis,,Calephelis nemesis,,,2.2,0,0,0,1,1,0,0,0,0,0,0,0,0,1,0,1,0,2,2,FALSE,
Calephelis perditalis,Calephelis perditalis,,NA,,,NA,0,0,0,1,1,0,0,0,0,0,0,0,0,1,0,1,0,2,2,FALSE,
Calephelis virginiensis,Calephelis virginiensis,,Calephelis virginiensis,,,1.875,0,0,0,0,1,1,0,0,0,0,0,0,0,1,0,0,0,2,1,FALSE,
Strymon istapa,Callicista columella,"Strymon columella, Strymon istapa, Strymon istapa clarionica, Strymon istapa clenchi, Strymon istapa cybira, Strymon istapa istapa, Strymon istapa modesta",Strymon istapa,Strymon istapa,,2.41665,1,1,0,s,0,0,0,0,1,0,0,0,0,0,1,0,1,3,2,FALSE,
Callophrys augustinus,Incisalia irioides,"Callophrys augustinus, Callophrys augustinus annetteae, Callophrys augustinus concava, Callophrys augustinus iroides, ",Callophrys augustinus,Callophrys augustinus,,2.46665,0,1,0,1,1,0,0,0,0,0,0,0,0,0,0,0,0,3,0,FALSE,
Callophrys eryphon,Incisalia eryphon,,Callophrys eryphon,Callophrys eryphon,,2.7626,0,0,0,1,1,0,0,0,0,0,0,0,0,0,0,1,0,2,1,FALSE,
,Callophrys dumetorum,,Callophrys dumetorum,Callophrys dumetorum,,2.5985,,,,,,,,,,,,0,0,0,0,0,0,,0,,
,Callophrys viridis,,Callophrys dumetorum,Callophrys dumetorum,,2.5985,,,,,,,,,,,,0,0,0,0,0,0,,0,,
Callophrys gryneus,"Mitoura gryneus, Mitoura nelsoni, Mitoura rosneri",,Callophrys gryneus,Callophrys gryneus,,2.56331,1,0,0,1,1,0,0,1,0,0,0,0,0,0,0,0,1,4,1,FALSE,
Callophrys henrici,Incisalia henrici,,Callophrys henrici,Callophrus henrici,,2.525,0,0,1,1,0,1,0,0,0,0,0,0,0,0,1,0,1,3,2,FALSE,
Callophrys irus,"Thecla irus, Incisalia hadros",,Callophrys irus,Callophrys irus,,2.55,0,0,0,1,0,0,0,0,0,0,0,0,0,0,1,0,1,1,2,FALSE,
Callophrys lanoraieensis,Incisalia lanoraieensis,,Callophrys lanoraieensis,Callophrys lanoraieensis,,2.025,0,1,0,1,0,1,0,0,0,0,0,0,0,0,0,0,0,3,0,FALSE,
Callophrys niphon,Incisalia niphon,,Callophrys niphon,,,2.7125,1,1,0,1,0,0,0,0,0,0,0,0,0,0,1,1,0,3,2,FALSE,
Callophrys polios,Callophrys polios,,Callophrys polios,,,2.35,0,1,1,1,0,0,0,0,0,0,0,0,0,0,1,0,0,3,1,FALSE,
Callophrys sheridanii,Thecla sheridanii,,Callophrys sheridanii,,,2.166666667,0,1,1,1,1,0,0,1,0,0,0,0,0,0,0,0,0,5,0,FALSE,
Calpodes ethlius,Calpodes ethlius,,Calpodes ethlius,,,4.795833334,1,0,0,1,1,0,0,0,0,0,0,0,0,0,0,0,1,3,1,TRUE,
Calycopis cecrops,Calycopis cecrops,,Calycopis cecrops,,,2.5125,0,1,1,1,1,1,0,0,1,0,0,0,0,0,1,0,0,6,1,FALSE,
Calycopis isobeon,Calycopis isobeon,,Calycopis isobeon,,,2.75,1,1,0,1,1,1,0,0,0,0,0,1,0,0,1,0,1,5,3,FALSE,
Caria ino,,"Caria ino, Caria ino ino, Caria ino melicerta",Caria ino,,,2.2,0,0,0,1,1,1,0,0,0,0,0,0,0,1,0,0,1,3,2,FALSE,
Carterocephalus palaemon,,"Carterocephalus mandan, Carterocephalus mandan mandan, Carterocephalus skada, Carterocephalus skada magnus, Carterocephalus skada skada",Carterocephalus palaemon,,,2.627778,1,0,0,0,1,1,0,0,0,0,0,0,0,0,0,0,1,3,1,FALSE,
Celastrina echo,,"Celastrina echo, Celastrina echo cinerea, Celastrina echo echo, Celastrina echo gozora, Celastrina echo nigrescens, Celastrina echo sidara",Celastrina echo,,,2.627777778,1,1,0,0,0,0,0,0,1,0,0,0,0,0,0,0,1,3,1,FALSE,
Celastrina ladon,Celastrina ladon,Celastrina ladon,Celastrina ladon,,,2.66,1,1,1,0,0,0,0,0,1,0,0,0,0,0,0,0,1,4,1,FALSE,
Celastrina lucia,Celastrina lucia,,Celastrina lucia,,,2.6,0,0,0,0,0,0,0,0,0,0,0,0,0,0,0,0,0,0,0,FALSE,
Celastrina neglecta,Cyaniris neglecta,,Celastrina neglecta,Celastrina neglecta,,2.61385,0,1,1,0,0,0,0,0,1,0,0,0,0,0,0,0,0,3,0,FALSE,
Celastrina neglectamajor,Celastrina neglectamajor,,,,,3.35,1,0,1,0,1,0,0,0,1,0,0,0,0,0,0,0,1,4,1,FALSE,
Cercyonis oetus,Cercyonis oetus,,,,,4.05,0,0,0,1,1,0,0,0,0,0,0,1,0,1,0,0,1,2,3,FALSE,
Cercyonis pegala,Cercyonis pegala,,,,,5.641666667,0,0,0,1,1,1,1,0,0,0,0,1,0,0,0,0,1,4,2,FALSE,
Cercyonis sthenele,"Cercyonis sthenele, Cercyonis paulus",,,,,4.016666667,0,0,0,1,0,0,0,0,0,0,0,1,0,0,0,0,1,1,2,FALSE,
Chioides albofasciatus,,Chioides albofasciatus,Chioides albofasciatus,Chioides albofasciatus,,4.283333334,0,0,1,1,0,0,0,0,0,0,0,0,0,0,1,1,1,2,3,FALSE,
Chioides albofasciatus,Chiodes catillus,Chioides albofasciatus,Chioides albofasciatus,Chioides albofasciatus,,4.283333334,0,0,1,1,0,0,0,0,0,0,0,0,0,0,1,1,1,2,3,FALSE,
Chiomara georgina,,"Chiomara georgina, Chiomara georgina georgina, Chiomara georgina pelagica",,,,3.025,1,0,1,1,0,0,0,0,0,0,0,0,0,0,0,0,0,3,0,FALSE,
Chlorostrymon simaethis,"Chlorostrymon simaethis, Thecla sarita",,,,,2.372857143,0,1,1,1,0,0,0,1,0,0,1,0,0,0,0,1,0,5,1,FALSE,
Chlosyne acastus,"Chlosyne acastus, Chlosyne sterope",,,,,3.87,1,0,1,1,1,1,0,0,0,0,0,0,0,1,0,1,1,5,3,FALSE,
,Chlosyne gabbii,,Chlosyne gabbii,Chlosyne gabbii,,3.75,,,,,,,,,,,,,0,1,0,1,1,,3,,
Chlosyne gorgone,Chlosyne gorgone,,,,,3.5,1,0,1,1,0,1,0,0,0,0,0,0,0,0,0,1,1,4,2,FALSE,
Chlosyne harrisii,Chlosyne harrisii,,,,,3.8,1,0,1,0,1,1,0,0,0,0,0,0,1,1,0,0,0,4,2,FALSE,
Chlosyne janais,Chlosyne janais,,,,,5.6,1,0,1,0,1,1,0,0,0,0,0,0,0,0,0,1,1,4,2,FALSE,
Chlosyne lacinia,Chlosyne lacinia,,,,,4.305,1,0,1,0,1,1,1,0,0,0,0,0,0,0,0,1,1,5,2,FALSE,
Chlosyne nycteis,Chlosyne nycteis,,,,,4.1125,0,0,1,0,1,1,1,0,0,0,0,0,0,0,0,0,1,4,1,FALSE,
Chlosyne palla,,"Chlosyne palla, Chlosyne palla eremita, Chlosyne palla flavula",,,,3.75,1,0,1,1,1,1,0,0,0,0,0,0,0,0,0,1,1,5,2,FALSE,
Chlosyne theona,Thessalia theona,,Chlosyne theona,Chlosyne theona,,3.46665,1,0,0,0,0,1,1,0,0,0,0,0,1,1,0,1,1,3,4,FALSE,
Coenonympha tullia,Coenonympha california,,,,,3.25,0,1,1,1,0,1,0,1,0,0,0,1,0,0,0,0,1,5,2,FALSE,
Cogia hippalus,Cogia hippalus,,,,,3.95,0,1,1,1,1,0,0,0,0,0,0,0,0,1,0,1,1,4,3,FALSE,
Colias alexandra,Colias alexandra,,,,,4.085,1,1,1,0,0,0,1,1,0,0,0,0,0,0,0,0,1,5,1,TRUE,
Colias christina,Colias christina,,,,,4.03,1,1,1,0,0,1,1,1,0,1,0,0,0,0,0,0,0,7,0,FALSE,
Colias eurytheme,Colias eurytheme,,,,,5.114285714,1,0,1,0,0,1,1,0,0,0,0,0,0,0,0,0,1,4,1,TRUE,
Colias gigantea,Colias gigantea,,,,,NA,1,0,1,0,1,0,1,0,0,0,0,0,0,0,0,0,1,4,1,FALSE,
Colias interior,Colias interior,,,,,4.7,1,0,1,0,0,0,1,0,0,1,0,0,0,0,0,0,1,4,1,FALSE,
Colias palaeno,Colias palaeno,,,,,3.96,0,0,0,0,0,0,0,0,0,0,0,0,0,0,0,0,0,0,0,TRUE,
Colias philodice,Colias philodice,,,,,5.3,1,0,1,0,0,1,1,1,0,1,0,0,0,0,0,0,1,6,1,TRUE,
Copaeodes aurantiaca,Copaeodes aurantiaca,,,,,2.65,1,0,0,0,0,1,0,0,0,0,0,0,0,0,0,0,0,2,0,FALSE,
Copaeodes minima,Copaeodes minima,,,,,1.7625,1,0,1,0,0,1,0,0,0,0,0,0,1,0,0,0,0,3,1,FALSE,
Copaeodes minima,Oarisma minima,,,,,1.7625,1,0,1,0,0,1,0,0,0,0,0,0,1,0,0,0,0,3,1,FALSE,
Cupido amyntula,"Elkalyce amyntula, Everes amyntula",,Cupido amyntula,Cupido amyntula,,2.58,1,0,1,1,0,1,0,0,1,0,0,0,0,0,1,0,1,5,2,FALSE,
Cupido comyntas,"Elkalyce comyntas, Elkalyce texana",,Cupido comyntas,Cupido comyntas,,2.36428,1,1,0,1,0,1,0,0,1,0,0,0,0,0,1,0,1,5,2,FALSE,
Cyllopsis gemma,Euptychia cornelius,,,,,3.8,1,0,0,1,0,0,0,0,0,0,0,1,0,0,0,0,1,2,2,FALSE,
Cymaenes trebius,Cymaenes trebius,,,,,NA,0,0,1,1,0,0,0,0,0,0,0,0,0,0,0,1,1,2,2,FALSE,
Danaus eresimus,Danaus eresimus,,,,,7.281111111,1,0,1,1,1,1,0,0,0,0,0,0,0,0,0,1,1,5,2,TRUE,
Danaus gilippus,Danaus gilippus,,,,,7.84375,1,0,1,1,1,0,0,0,0,0,0,0,0,0,0,1,1,4,2,TRUE,
Danaus plexippus,Danaus plexippus,,,,,9.43125,1,0,1,1,1,1,0,0,0,0,0,0,0,0,0,0,1,5,1,TRUE,
Dryas iulia,Dryas iulia,,,,,7.857321429,1,0,0,0,0,1,0,0,0,0,0,0,0,0,0,0,0,2,0,TRUE,
Dymasia dymas,Dymasia dymas,,,,,2.616666667,1,0,1,1,1,1,0,0,0,0,0,0,0,0,0,0,1,5,1,FALSE,
Echinargus isola,Echinargus isola,,,,,2.1375,1,0,1,0,0,0,0,0,1,0,0,0,0,0,0,0,1,3,1,TRUE,
Epargyreus clarus,Epargyreus clarus,,,,,4.878863637,1,0,0,1,0,0,0,0,0,0,0,0,0,0,0,1,1,2,2,TRUE,
Erebia discoidalis,Erebia discoidalis,,,,,4.05,1,1,0,1,1,0,0,0,0,0,0,1,0,0,0,0,1,4,2,FALSE,
Erebia epipsodea,Erebia epipsodea,,,,,4.71,1,1,1,1,1,1,1,0,0,0,0,1,0,0,0,0,1,7,2,FALSE,
Erebia mancinus,Erebia mancinus,,,,,4.31875,1,1,1,1,1,1,1,0,0,0,0,0,0,0,0,0,1,7,1,FALSE,
Erynnis baptisiae,Erynnis baptisiae,,,,,3.506488095,0,0,0,1,0,1,1,0,0,0,0,0,0,0,0,0,0,3,0,FALSE,
Erynnis brizo,Erynnis brizo,,,,,3.491666667,0,1,0,1,0,0,1,0,0,0,0,0,0,0,0,1,1,3,2,FALSE,
Erynnis funeralis,Erynnis funeralis,,,,,3.743262987,1,0,1,1,0,0,1,0,0,0,0,0,0,0,0,0,0,4,0,FALSE,
Erynnis horatius,Erynnis horatius,,,,,3.767261905,0,0,1,1,0,0,1,0,0,0,0,0,0,0,0,0,1,3,1,FALSE,
Erynnis icelus,Erynnis icelus,,,,,2.872222222,1,1,0,0,0,0,1,0,0,0,0,0,0,0,0,1,1,3,2,FALSE,
Erynnis juvenalis,Erynnis juvenalis,,,,,3.741071429,0,0,1,1,1,0,1,0,0,0,0,0,0,0,0,0,1,4,1,FALSE,
Erynnis lucilius,Erynnis lucilius,,,,,3.066666667,0,0,0,1,0,0,1,0,0,0,0,0,0,0,0,0,1,2,1,FALSE,
Erynnis pacuvius,Erynnis pacuvius,,,,,3.283333333,1,0,1,1,0,0,1,0,0,0,0,0,0,0,0,1,1,4,2,FALSE,
Erynnis persius,Erynnis persius,,,,,3.0625,1,1,1,1,0,0,1,0,0,0,0,0,0,0,0,0,0,5,0,FALSE,
Erynnis propertius,Erynnis propertius,,,,,3.675,0,1,0,1,0,0,1,0,0,0,0,0,0,0,0,0,1,3,1,FALSE,
Erynnis tristis,Erynnis tristis,,,,,3.9,1,0,1,1,0,0,1,0,0,0,0,0,0,0,0,0,1,4,1,FALSE,
Erynnis zarucco,Erynnis zarucco,,,,,3.881666667,0,0,1,1,1,0,1,0,0,0,0,0,0,0,0,0,0,4,0,FALSE,
Euchloe ausonides,Euchloe ausonides,,,,,4.1,1,0,1,0,1,0,0,1,0,0,0,0,0,0,0,0,0,4,0,FALSE,
Euchloe lotta,Euchloe lotta,,,,,3.525,0,0,1,0,0,0,0,1,0,0,0,0,0,0,0,0,0,2,0,FALSE,
Euchloe olympia,Euchloe olympia,,,,,3.5,0,0,1,0,0,0,0,0,0,1,0,0,0,0,0,0,0,2,0,FALSE,
Eumaeus atala,Eumaeus atala,,,,,4.55,1,0,0,0,1,1,0,1,1,0,0,0,0,0,0,0,1,5,1,FALSE,
Euphilotes battoides,Euphilotes battoides,,,,,1.983333334,1,1,1,1,0,1,0,0,1,0,0,0,0,0,0,1,1,6,2,FALSE,
Euphilotes enoptes,Euphilotes enoptes,,,,,2.075,1,0,1,1,0,1,0,0,1,0,0,0,0,0,0,1,1,5,2,FALSE,
Euphydryas anicia,Occidryas anicia,,Euphydryas anicia,Euphydryas anicia,,3.55,1,0,0,1,0,1,0,0,0,0,0,0,0,1,0,1,0,3,2,FALSE,
Euphydryas chalcedona,Occidryas chalcedona,,Euphydryas chalcedona,Euphydryas chalcedona,,4.364955,1,0,1,1,1,1,1,0,0,0,0,0,0,0,0,1,1,6,2,FALSE,
Euphydryas editha,"Occidryas editha, Occidryas rubicunda",,Euphydryas editha,Euphydryas editha,,3.549985,1,0,1,0,1,1,1,0,0,0,0,0,0,0,0,1,1,5,2,TRUE,
Euphydryas phaeton,Euphydryas phaeton,,,,,5.366666667,1,0,1,0,1,1,0,0,0,0,0,0,0,0,0,0,1,4,1,FALSE,
Euphyes bimacula,Euphyes bimacula,,,,,3.441666667,0,0,1,1,1,1,0,0,0,0,0,0,0,0,0,0,1,4,1,FALSE,
Euphyes conspicua,Euphyes conspicua,,,,,3.2,1,0,0,1,1,0,1,0,0,0,0,0,0,0,0,1,1,4,2,FALSE,
Euphyes dion,Euphyes dion,,,,,3.7,1,0,0,1,1,1,1,0,0,0,0,0,0,0,0,0,1,5,1,FALSE,
Euphyes vestris,Euphyes vestris,,,,,3,1,0,1,1,0,1,1,0,0,0,0,0,0,0,0,0,1,5,1,FALSE,
Euptoieta claudia,Euptoieta claudia,,,,,5.614285714,1,0,0,0,0,1,0,0,0,0,0,0,0,0,0,0,1,2,1,TRUE,
Euptoieta hegesia,Euptoieta hegesia,,,,,6.386666667,0,0,0,1,0,1,0,0,0,0,0,0,0,0,0,0,0,2,0,FALSE,
Eurema boisduvaliana,,Abaeis boisduvaliana,,,,NA,1,0,0,0,0,0,1,0,0,0,0,0,0,0,0,0,0,2,0,FALSE,
Eurema daira,Eurema daira,,,,,5.614285715,1,1,1,0,1,0,1,0,0,0,0,0,0,0,0,0,1,5,1,TRUE,
Eurema mexicana,,"Abaeis mexicana, Abaeis mexicana mexicana",,,,4.12,1,0,1,0,0,0,0,0,0,0,0,0,0,0,1,0,0,2,1,TRUE,
Eurytides marcellus,Protographium marcellus,,Eurytides marcellus,Neographium marcellus,,7.871,1,0,1,0,0,0,0,1,0,0,0,0,1,0,1,0,0,3,2,FALSE,
Feniseca tarquinius,Feniseca tarquinius,,,,,2.88,1,0,1,1,0,1,0,0,0,0,1,0,0,0,0,0,1,5,1,FALSE,
Ganyra josephina,Ganyra josephina,,,,,7.52,1,0,0,0,0,0,0,0,0,0,0,0,0,0,0,0,1,1,1,FALSE,
Glaucopsyche lygdamus,"Glaucopsyche lygdamus, Cupido orcus",,,,,2.67,1,1,1,1,0,0,0,0,1,0,0,0,0,0,0,0,1,5,1,FALSE,
Heliconius charithonia,Heliconius charithonia,,,,,8.29,1,0,0,0,0,0,1,0,0,0,0,0,1,0,0,0,0,2,1,TRUE,
,Heliopetes ericetorum,,Heliopetes ericetorum,Heliopetes ericetorum,,3.2,,,,,,,,,,,,0,0,0,0,0,0,,0,,
Heliopetes laviana,Heliopetes laviana,,,,,3.654166667,0,1,1,0,0,0,0,0,0,0,0,0,0,0,0,0,0,2,0,FALSE,
Heliopetes macaira,Heliopetes macaira,,,,,3.25,0,1,1,1,0,0,0,0,0,0,0,0,0,0,0,1,0,3,1,FALSE,
Hemiargus ceraunus,Hemiargus ceraunus,,,,,NA,0,1,0,1,0,0,0,0,1,0,0,1,0,0,0,0,1,3,2,FALSE,
Hermeuptychia hermybius,Hermeuptychia hermybius,,,Hermeuptychia hermybius,,NA,NA,NA,NA,NA,NA,NA,NA,NA,NA,NA,NA,NA,NA,NA,NA,NA,NA,NA,NA,FALSE,
Hermeuptychia sosybius,Hermeuptychia sosybius,,,,,3.325,0,0,0,1,0,0,1,0,0,0,0,1,0,0,0,0,1,2,2,FALSE,
Hermeuptychia sosybius,Hermeuptychia hermes,,,,,3.325,0,0,0,1,0,0,1,0,0,0,0,1,0,0,0,0,1,2,2,FALSE,
Hesperia colorado,,"Hesperia colorado, Hesperia colorado dodgei, Hesperia colorado idaho, Hesperia colorado leussleri, Hesperia colorado leussleri, Hesperia colorado ochracea, Hesperia colorado oregonia, Hesperia colorado tildeni",,,,2.85,0,0,0,0,0,1,0,0,0,0,0,0,0,0,0,1,1,1,2,FALSE,
Hesperia comma,Hesperia comma,,,,,2.857142857,0,0,0,0,0,0,0,0,0,0,0,0,0,0,0,1,1,0,2,FALSE,
Hesperia juba,Hesperia juba,,,,,3.175,0,0,1,1,0,1,0,1,0,0,0,0,0,0,0,0,1,4,1,FALSE,
Hesperia leonardus,Hesperia leonardus,,,,,3.76,1,0,1,1,1,1,1,0,0,0,0,0,0,0,0,1,1,6,2,TRUE,
Hesperia sassacus,Hesperia sassacus,,,,,3.09,1,0,0,0,0,1,1,0,0,0,0,0,0,0,0,1,1,3,2,FALSE,
Hylephila phyleus,Hylephila phyleus,,,,Hylephila phylaeus,2.982386364,1,0,0,1,1,1,0,0,0,0,0,0,0,0,0,1,1,4,2,TRUE,
Junonia coenia,Junonia grisea,,Junonia coenia,Junonia coenia,,5.02,0,0,1,1,1,1,0,0,0,0,0,1,0,0,0,1,1,4,3,TRUE,
Junonia coenia,Junonia coenia,,Junonia coenia,Junonia coenia,,5.02,0,0,1,1,1,1,0,0,0,0,0,1,0,0,0,1,1,4,3,TRUE,
Junonia evarete,,"Junonia evarete, Junonia nigrosuffusa, Junonia zonalis",,,,4.988690477,0,0,1,1,0,1,0,0,0,0,0,1,0,0,0,1,1,3,3,TRUE,
Junonia genoveva,,"Junonia genoveva, Junonia genoveva genoveva, Junonia neildi, Junonia neildi varia",,,,5.11375,0,0,0,1,0,1,0,0,0,0,0,1,0,0,0,1,1,2,3,TRUE,
Kricogonia lyside,Kricogonia lyside,,,,Kricognia lyside,4.174166667,1,0,1,0,0,0,1,0,0,0,0,0,0,0,0,0,0,3,0,TRUE,
Leptotes cassius,"Leptotes cassius, Leptotes theonus",,,,,2.253829365,0,0,1,0,0,0,0,0,1,0,0,0,0,0,0,0,1,2,1,FALSE,
Leptotes marina,Leptotes marina,,,,,2.3125,0,0,1,1,0,0,0,0,1,0,1,0,0,0,0,1,0,4,1,TRUE,
Lerema accius,Lerema accius,,,,Lereme accius,3.546666667,1,0,1,1,0,0,0,0,1,0,0,0,0,0,0,0,1,4,1,TRUE,
Lerodea eufala,Lerodea eufala,,,,,2.640178572,0,1,0,1,0,0,0,0,0,0,0,0,0,0,0,0,1,2,1,TRUE,
Lethe anthedon,Lethe anthedon,,Lethe anthedon,Enodia anthedon,,5.4375,1,0,1,1,0,0,0,0,0,0,0,1,0,0,0,0,1,3,2,FALSE,
Lethe appalachia,Lethe appalachia,,Lethe appalachia,Satyrodes appalachia,,5.225,0,0,0,1,0,0,0,0,0,0,0,1,0,0,0,0,1,1,2,FALSE,
Lethe creola,Lethe creola,,Lethe creola,Enodia creola,,6.4,0,0,0,1,0,0,0,0,0,0,0,0,0,0,0,0,1,1,1,FALSE,
Lethe eurydice,Lethe eurydice,,Lethe eurydice,Satyrodes eurydice,,4.775,1,0,0,1,0,0,0,0,0,0,0,1,0,0,0,0,1,2,2,FALSE,
Libytheana carinenta,Libytheana carinenta,,Prolibythea carinenta,,,4.330275,0,1,1,1,1,1,0,0,0,0,0,0,0,0,0,0,1,5,1,TRUE,
Limenitis archippus,Limenitis archippus,,,,,7.25,1,0,1,1,0,1,0,0,0,0,0,0,0,0,0,1,0,4,1,TRUE,
Limenitis arthemis,Limenitis arthemis,,,,,7.77,1,0,1,1,1,1,0,1,1,0,1,0,0,0,0,1,1,8,2,FALSE,
Limenitis arthemis,Limenitis astyanax,,,,,7.77,1,0,1,1,1,1,0,1,1,0,1,0,0,0,0,1,1,8,2,,
Limenitis lorquini,Limenitis lorquini,,,,,5.8,1,0,1,1,1,1,0,0,0,0,0,0,0,0,0,1,0,5,1,FALSE,
Limenitis weidemeyerii,"Limenitis weidemeyerii, Limenitis weidermeyerii",,,,,7.016666667,1,1,1,1,0,0,0,0,0,0,0,0,0,0,0,1,1,4,2,FALSE,
Lycaena dione,,Tharsalea dione,,,,3.5,1,1,0,0,0,1,0,0,0,0,0,0,0,0,0,1,1,3,2,FALSE,
Lycaena dorcas,,"Tharsalea dorcas, Tharsalea dorcas arcticus, Tharsalea dorcas claytoni, Tharsalea dorcas dorcas, Tharsalea dorcas florus, Tharsalea dorcas sangremar",,,,2.52,0,0,0,1,1,1,0,0,1,0,1,0,0,0,0,0,1,5,1,FALSE,
Lycaena dospassosi,,Tharsalea dospassosi,NA,NA,,NA,NA,NA,NA,NA,NA,NA,NA,NA,NA,NA,NA,NA,NA,NA,NA,NA,NA,NA,NA,FALSE,
Lycaena editha,,"Tharsalea editha, Tharsalea editha montana, Tharsalea editha vurali",,,,2.6,1,1,0,0,0,0,0,0,0,0,0,0,0,0,1,0,0,2,1,FALSE,
Lycaena epixanthe,,"Tharsalea epixanthe, Tharsalea epixanthe epixanthe, Tharsalea epixanthe phaedra",,,,2.175,1,1,1,1,1,0,0,0,0,0,1,0,0,0,0,0,1,6,1,FALSE,
Lycaena helloides,,Tharsalea helloides,,,,2.94,0,0,0,1,0,1,0,0,0,0,1,0,0,0,0,1,0,3,1,TRUE,
Lycaena heteronea,,"Tharsalea heteronea, Tharsalea heteronea gravenotata, Tharsalea heteronea heteronea, Tharsalea heteronea klotsi",,,,3.033333334,1,0,1,1,0,0,1,0,1,0,0,0,0,0,0,0,1,5,1,FALSE,
Lycaena hyllus,,Tharsalea hyllus,,,,3.66,1,1,1,1,0,1,1,0,0,0,0,0,0,0,0,0,1,6,1,FALSE,
Lycaena mariposa,,"Tharsalea mariposa, Tharsalea mariposa charlottensis, Tharsalea mariposa penroseae",,,,2.8,1,1,0,0,0,1,1,0,0,0,1,0,0,0,0,0,0,5,0,FALSE,
Lycaena nivalis,,"Tharsalea nivalis, Tharsalea nivalis bichroma, Tharsalea nivalis browni, Tharsalea nivalis warnermontana",,,,2.9125,0,0,0,1,1,1,1,0,0,1,1,0,0,0,0,0,0,6,0,FALSE,
Lycaena phlaeas,"Lycaena phlaeas, Lycaena hypophlaeas, Lycaena arethusa",,,,,2.825,1,1,0,0,1,1,0,0,0,0,0,0,0,0,0,0,1,4,1,TRUE,
Marpesia petreus,Marpesia petreus,,,,,7.458333334,1,0,0,1,0,1,0,0,0,0,0,0,0,0,1,0,0,3,1,TRUE,
Megisto cymela,Euptychia cymela,,Megisto cymela,Megisto cymela,,4.208315,1,0,0,1,0,0,1,0,0,0,0,1,0,0,0,0,1,3,2,FALSE,
Megisto rubricata,Cissia rubricata,,Megisto rubricata,Megisto rubricata,,4.099985,0,0,0,1,1,0,0,0,0,0,0,1,0,0,0,0,0,2,1,FALSE,
Melanis pixe,Melanis pixe,,,,,4.15,1,0,0,0,1,1,1,0,0,0,0,0,0,0,0,1,1,4,2,FALSE,
Mestra amymone,Mestra amymone,,,,,NA,0,1,1,1,0,1,0,0,0,0,0,0,0,0,0,1,1,4,2,FALSE,
Ministrymon clytie,Ministrymon clytie,,,,,2.05,0,1,0,0,0,1,0,0,1,0,0,0,0,0,1,0,0,3,1,FALSE,
Ministrymon leda,Ministrymon leda,,,,,1.95,1,1,1,1,1,0,0,0,1,0,0,0,0,0,0,0,0,6,0,FALSE,
Myscelia ethusa,Myscelia ethusa,,,,,7,1,0,1,0,0,0,0,0,1,0,0,0,0,0,0,1,1,3,2,TRUE,
Nastra julia,Nastra julia,,,,,2.60484375,0,0,0,1,0,0,1,0,0,0,0,0,0,0,0,0,1,2,1,FALSE,
Nastra lherminier,Nastra lherminier,,,,,2.7025,0,0,0,1,0,0,1,0,0,0,0,0,0,0,0,0,1,2,1,FALSE,
Nathalis iole,Nathalis iole,,,,,2.6,1,0,1,0,0,1,1,1,0,0,0,0,0,0,0,0,1,5,1,TRUE,
Neonympha areolatus,Neonympha areolatus,,,,,4.15,0,0,0,1,1,0,0,0,0,0,0,1,0,0,0,0,1,2,2,FALSE,
Neophasia menapia,Neophasia menapia,,,,,4.94,1,0,1,0,1,0,1,0,0,0,0,0,0,0,0,1,0,4,1,FALSE,
Nymphalis antiopa,Nymphalis antiopa,,,,,7.721428572,1,0,0,0,0,0,1,0,1,0,1,0,0,0,0,0,1,4,1,TRUE,
Nymphalis californica,Nymphalis californica,,,,,5.475,1,0,0,1,1,1,0,0,0,0,0,0,0,0,0,0,1,4,1,TRUE,
Nymphalis l-album,Polygonia vaualbum,,Nymphalis l-album,Nymphalis vaualbum,,6.92498,1,1,1,1,0,1,0,0,0,0,0,0,0,0,0,0,1,5,1,TRUE,
Oarisma garita,Oarisma garita,,,,,2.378571429,1,0,0,1,0,1,0,0,0,0,0,0,0,0,0,0,0,3,0,FALSE,
,Ochlodes agricola,,Ochlodes agricola,Ochlodes agricola,,2.3,,,,,,,,,,,,0,0,0,0,0,1,,1,,
Ochlodes sylvanoides,Ochlodes sylvanoides,,,,,2.5,1,0,0,1,1,1,1,0,0,0,0,0,0,0,0,1,1,5,2,FALSE,
Oeneis bore,Oeneis bore,,,,,4.125,0,1,1,1,0,0,0,0,0,0,0,1,0,0,0,1,1,3,3,FALSE,
Oeneis chryxus,"Oeneis chryxus, Oeneis ivallda",,,,,4.8,1,0,1,1,0,1,0,0,0,0,0,1,0,0,0,1,1,4,3,FALSE,
Oeneis jutta,Oeneis jutta,,,,,4.875,1,1,0,1,0,1,1,0,0,0,0,0,0,0,0,1,1,5,2,FALSE,
Oeneis macounii,Oeneis macounii,,,,,6.15,1,1,0,1,0,1,0,0,0,0,0,1,0,0,0,1,1,4,3,FALSE,
Oeneis polixenes,Oeneis polixenes,,,,,4.32,1,1,1,1,0,0,0,0,0,0,0,1,0,0,0,1,1,4,3,FALSE,
Oligoria maculata,Oligoria maculata,,,,,3.6,1,0,1,1,1,0,0,0,0,0,0,0,0,0,0,0,1,4,1,FALSE,
,Panoquina errans,,Panoquina errans,Panoquina errans,,2.8,,,,,,,,,,,,0,0,0,0,0,1,,0,,
Panoquina ocola,Panoquina ocola,,,,,3.218055556,0,0,0,1,0,0,0,0,1,0,1,0,0,0,0,0,1,3,1,TRUE,
Panoquina panoquin,Panoquina panoquin,,,,,3.225,0,0,1,1,0,0,1,0,0,0,0,0,0,0,0,0,1,3,1,FALSE,
Papilio brevicauda,Papilio brevicauda,,,,,6.95,0,0,0,0,0,0,0,0,0,0,0,0,0,0,0,0,0,0,0,FALSE,
Papilio canadensis,Papilio canadensis,,,,,7.8,1,0,0,0,0,1,1,0,0,0,0,0,1,0,1,1,1,3,4,FALSE,
Papilio cresphontes,Papilio cresphontes,,,,,NA,1,0,0,0,0,0,1,0,0,0,0,0,0,0,1,1,1,2,3,TRUE,
Papilio eurymedon,Papilio eurymedon,,,,,8.11,1,0,1,0,0,0,0,0,0,0,0,0,1,0,1,0,0,2,2,FALSE,
Papilio glaucus,Papilio glaucus,,,,,11.08333333,1,0,0,0,0,1,1,0,1,0,0,0,1,0,1,1,1,4,4,FALSE,
Papilio indra,Papilio indra,,,,,6.575,1,0,0,0,0,0,1,0,0,0,0,0,0,0,1,0,0,2,1,FALSE,
Papilio machaon,Papilio machaon,,,,,7.7,1,0,0,0,1,1,0,0,0,0,0,1,0,0,1,0,1,3,3,TRUE,
Papilio multicaudata,Papilio multicaudata,,,,,9.99,1,0,0,0,0,0,0,0,0,0,0,0,1,0,1,0,0,1,2,FALSE,
Papilio palamedes,Papilio palamedes,,,,,14,0,0,0,0,0,1,1,0,0,0,0,0,1,0,1,1,0,2,3,FALSE,
,Papilio polyxenes,,Papilio polyxenes,Papilio polyxenes,,7.9985,,,,,,,,,,,,0,0,0,1,1,1,,3,,
Papilio rumiko,Papilio rumiko,,,,,8.11,0,0,0,0,0,0,0,0,0,0,0,0,0,0,0,0,0,0,0,FALSE,
Papilio rutulus,Papilio rutulus,,,,,8.5,0,0,0,0,0,1,1,0,0,0,0,0,0,0,0,1,1,2,2,FALSE,wingspan value is the average from BAMONA
Papilio troilus,Papilio troilus,,,,,9.9025,1,0,0,0,0,1,0,1,0,0,0,0,0,0,0,0,1,3,1,TRUE,
Papilio zelicaon,Papilio zelicaon,,,,,7.26,1,0,0,0,0,1,1,0,0,0,0,1,0,0,1,0,1,3,3,FALSE,
Parnassius clodius,Parnassius clodius,,,,,6.2625,0,1,1,0,1,0,0,0,0,0,0,0,0,0,0,0,1,3,1,FALSE,
Parnassius smintheus,Parnassius smintheus,,,,,5.3125,1,0,1,0,1,0,1,0,0,0,0,0,0,0,0,0,1,4,1,TRUE,
Parrhasius m-album,Parrhasius m-album,,,,,3.25,1,1,1,1,0,0,0,0,1,0,0,0,0,0,1,0,1,5,2,FALSE,
,Philotes bernardino,,Euphilotes bernardino,Euphilotes bernardino,,1.9,,,,,,,,,,,,0,0,0,0,1,1,,2,,
Phocides polybius,"Phocides polybius, Phocides lilea",,Phocides polybius,Phocides polybius,,4.983335,1,0,1,0,1,0,0,1,0,0,0,0,0,0,0,0,0,4,0,FALSE,
Phoebis agarithe,Phoebis agarithe,,,,,6.12,0,0,1,0,0,1,1,0,0,1,0,0,0,0,0,0,0,4,0,TRUE,
Phoebis philea,Phoebis philea,,,,,7.341742425,1,0,1,0,1,1,1,0,0,0,0,0,0,0,0,0,1,5,1,TRUE,
Phoebis sennae,Phoebis sennae,,,,,5.715328283,1,0,1,0,0,0,1,0,0,1,0,0,0,0,0,0,1,4,1,TRUE,
Pholisora catullus,Pholisora catullus,,,,,2.658333334,1,0,1,0,0,0,0,0,0,0,0,0,0,0,0,0,1,2,1,TRUE,
Phyciodes batesii,Phyciodes batesii,,,,,3.56,1,0,1,1,0,1,1,0,0,0,0,0,0,0,0,1,0,5,1,FALSE,
Phyciodes cocyta,,"Phyciodes cocyta, Phyciodes cocyta cocyta, Phyciodes cocyta incognitus, Phyciodes cocyta selenis",,,,3.591666667,0,0,0,1,0,1,0,0,0,0,0,0,0,0,0,0,0,2,0,FALSE,
Phyciodes graphica,Phyciodes vesta,,Phyciodes graphica,Phyciodes graphica,,3.233315,1,0,0,0,0,1,0,0,0,0,0,0,0,0,0,0,0,2,0,FALSE,
Phyciodes mylitta,Eresia aveyrona,,Phyciodes mylitta,Phyciodes mylitta,,3.116665,1,0,0,0,1,1,1,0,0,0,0,0,0,0,0,0,1,4,1,TRUE,
Phyciodes phaon,Phyciodes phaon,,,,,3.03,1,1,0,0,0,1,1,0,0,0,0,0,0,0,0,1,0,4,1,FALSE,
Phyciodes pulchella,,"Phyciodes pulchella, Phyciodes pulchella camillus, Phyciodes pulchella montana, Phyciodes pulchella pulchella, Phyciodes pulchella tutchone",,,,3.5125,1,0,0,1,0,1,1,0,0,0,0,0,0,0,0,0,0,4,0,FALSE,
Phyciodes tharos,Phyciodes tharos,"Phyciodes tharos, Phyciodes tharos orantain, Phyciodes tharos riocolorado, Phyciodes tharos tharos",,,,2.99,1,1,0,0,1,1,0,0,0,0,0,0,0,0,0,0,0,4,0,FALSE,
Pieris angelika,Pieris angelika,,,,,3.8,0,0,0,0,0,0,0,0,0,0,0,0,0,0,0,0,0,0,0,FALSE,
Pieris marginalis,Pieris marginalis,,,,,4.1,1,1,1,0,0,0,1,1,0,0,0,0,0,0,0,0,0,5,0,FALSE,
Pieris oleracea,Pieris oleracea,,,,,4.3,1,1,1,0,0,0,1,1,0,0,0,0,0,0,0,0,0,5,0,FALSE,
Pieris rapae,Pieris rapae,,,,,4.498333334,1,1,1,0,1,0,1,1,0,0,0,0,0,0,0,0,1,6,1,TRUE,
Pieris virginiensis,Pieris virginiensis,,,,,4.05,0,1,0,1,0,0,1,0,0,0,0,0,0,0,0,0,0,3,0,FALSE,
Plebejus acmon,Icaricia acmon,,Icaricia acmon,,,2.3625,1,0,1,1,1,1,0,0,1,0,0,0,0,0,0,1,1,6,2,TRUE,
Plebejus anna,Plebejus anna,,,,,3.1,0,0,0,0,0,0,0,0,1,0,0,0,0,0,0,0,0,1,0,FALSE,
Plebejus glandon,Agriades glandon,,Agriades glandon,,,2.228565,1,1,1,1,0,1,0,0,1,0,0,0,0,0,0,0,1,6,1,FALSE,
Plebejus icarioides,"Icaricia icarioides, Plebejus maricopa",,Icaricia icarioides,Plebejus icarioides,,2.8,1,0,1,1,0,0,0,0,1,0,0,0,0,0,0,0,1,4,1,FALSE,
Plebejus idas,"Lycaeides idas, Plebejus scudderii",,,,,2.575,1,0,0,1,0,1,0,0,1,0,0,0,0,0,0,0,1,4,1,FALSE,
Plebejus lupini,Icaricia lupini,,Icaricia lupini,,,2.3,0,0,0,1,1,1,0,0,1,0,0,0,0,0,0,1,0,4,1,FALSE,
Plebejus melissa,Lycaeides melissa,,Plebejus melissa,Plebejus melissa,,2.775,1,0,0,0,1,1,0,0,1,0,0,0,0,0,0,0,1,4,1,FALSE,
Plebejus saepiolus,Icaricia saepiolus,,Icaricia saepiolus,,,2.825,1,1,0,1,0,0,0,1,1,0,0,0,0,0,0,0,1,5,1,FALSE,
Poanes hobomok,Lon hobomok,,,,,3.433333333,1,1,1,0,1,1,1,0,0,0,1,0,0,0,0,0,1,7,1,FALSE,
Poanes massasoit,Poanes massasoit,,,,,2.8,1,0,0,1,1,0,1,0,0,0,0,0,0,0,0,0,1,4,1,FALSE,
Poanes melane,Lon melane,,Poanes melane,Poanes melane,,3.1,1,0,0,1,0,0,1,0,0,0,0,0,0,0,0,1,1,3,2,FALSE,
Poanes taxiles,Lon taxiles,,,,,3.929791667,1,1,0,1,0,1,0,0,0,0,0,0,0,0,0,1,1,4,2,FALSE,
Poanes viator,Poanes viator,,,,,3.66,1,0,0,1,0,1,1,0,0,0,0,0,0,0,0,1,1,4,2,FALSE,
Poanes zabulon,Lon zabulon,,,,,3.534479167,1,1,1,1,0,0,1,0,0,0,1,0,0,0,0,0,1,6,1,FALSE,
Polites mystic,Polites mystic,,,,,2.971428572,1,0,0,1,1,1,1,0,0,0,0,0,0,0,0,1,1,5,2,FALSE,
Polites origenes,Polites origenes,,,,,3.14,0,0,0,1,0,1,0,0,0,0,0,0,0,0,0,1,1,2,2,FALSE,
Polites peckius,Polites coras,,Polites coras,,,2.5325,0,0,0,1,1,1,1,0,0,0,0,0,0,0,0,0,1,4,1,FALSE,
Polites sabuleti,Polites sabuleti,,,,,2.216666667,0,0,0,0,0,1,1,0,0,0,0,0,0,0,0,0,1,2,1,FALSE,
Polites themistocles,Polites themistocles,,,,,2.56875,0,0,0,1,0,1,0,0,0,0,0,0,0,0,0,0,0,2,0,FALSE,
Polites vibex,Polites vibex,,,,,2.879166667,1,1,0,1,1,1,1,0,0,0,0,0,0,0,0,0,1,6,1,FALSE,
Polygonia comma,Polygonia comma,,,,,5.175,1,0,1,1,0,1,0,0,0,0,0,0,0,0,0,0,1,4,1,TRUE,
Polygonia faunus,"Polygonia faunus, Polygonia hylas",,,,,4.87,0,0,0,1,1,0,1,1,0,0,0,0,0,0,0,0,1,4,1,FALSE,
Polygonia gracilis,Polygonia gracilis,,,,,4.5875,0,1,1,1,1,1,1,0,0,0,0,0,0,0,0,0,1,6,1,FALSE,
Polygonia interrogationis,Polygonia interrogationis,,,,,6.1775,1,0,1,1,1,1,0,0,0,0,0,0,0,0,1,0,1,5,2,TRUE,
Polygonia oreas,Polygonia oreas,,,,,5.1625,1,1,0,1,1,0,1,0,0,0,0,0,0,0,0,0,1,5,1,FALSE,
Polygonia progne,Polygonia progne,,,,,5.2075,0,1,0,1,0,1,1,0,0,0,0,0,0,0,0,0,1,4,1,TRUE,
Polygonia satyrus,Polygonia satyrus,,,,,5.0375,1,0,0,1,0,1,1,0,0,0,0,0,0,0,0,1,1,4,2,FALSE,
Polyommatus icarus,Polyommatus icarus,,,,,3.35,0,0,0,0,0,0,0,0,0,0,0,0,0,0,0,0,0,0,0,TRUE,
Pompeius verna,Vernia verna,,,,,3.04,1,0,1,1,0,0,0,0,0,0,1,0,0,0,0,0,1,4,1,FALSE,
Pontia beckerii,Pontia beckerii,,,,,4.0625,1,0,1,0,0,0,0,1,0,0,0,0,0,0,0,1,1,3,2,FALSE,
Pontia occidentalis,Pontia occidentalis,,,,,4.14,0,1,0,0,0,0,0,1,0,0,0,0,1,0,0,0,0,2,1,TRUE,
Pontia protodice,Pontia protodice,,,,,4.514285714,1,1,1,1,1,0,1,1,0,0,0,0,0,1,0,0,0,7,1,TRUE,
Pontia sisymbrii,Pontia sisymbrii,,,,,3.4625,0,0,1,0,0,0,1,0,0,0,0,0,0,0,0,0,0,2,0,FALSE,
Problema byssus,Problema byssus,,,,,4.1,1,0,0,0,0,1,1,0,0,0,0,0,0,0,0,1,1,3,2,FALSE,
Pyrgus centaureae,"Pyrgus centaureae, Pyrgus wyandot",,,,,2.5475,1,1,1,1,1,0,0,0,0,0,0,0,0,1,0,0,1,5,2,FALSE,
Pyrgus communis,Burnsius communis,,,,,2.771818182,1,1,1,0,1,0,0,0,1,0,0,0,0,1,0,1,1,5,3,TRUE,
Pyrgus oileus,Pyrgus oileus,Burnsius oileus,,,,2.73328125,0,1,0,1,0,0,0,0,1,0,0,0,0,0,0,1,1,3,2,FALSE,
Pyrgus ruralis,Pyrgus ruralis,,,,,2.358333334,1,1,1,1,0,0,0,0,0,0,0,0,0,0,0,0,1,4,1,FALSE,
Pyrisitia lisa,Pyrisitia lisa,,,,Eurema lisa,3.128571429,1,0,1,0,0,0,1,0,0,0,0,0,0,0,0,0,1,3,1,TRUE,
Pyrisitia nise,Pyrisitia nise,,,,,3.050793651,1,0,0,0,0,0,1,0,0,0,0,0,0,0,0,0,0,2,0,FALSE,
Pyrisitia proterpia,Pyrisitia proterpia,,,,,4.19625,1,0,0,0,1,1,0,0,0,0,0,0,0,0,1,0,0,3,1,FALSE,
Quasimellana eulogius,Mellana eulogius,,Quasimellana eulogius,Quasimellana eulogius,,2.975,1,0,0,1,0,1,0,0,0,0,0,0,0,0,0,1,1,3,2,FALSE,
Satyrium acadica,Satyrium acadica,,,,,2.95,1,1,0,1,0,1,0,0,1,0,0,0,0,0,1,0,1,5,2,FALSE,
Satyrium behrii,Satyrium behrii,,,,,2.7125,1,0,1,1,0,1,0,0,0,0,0,0,0,0,1,0,1,4,2,FALSE,
Satyrium calanus,Satyrium calanus,"Satyrium calanus, Satyrium calanus calanus, Satyrium calanus falacer, Satyrium calanus godarti",,,,2.88,0,0,1,1,0,1,0,0,1,0,0,0,0,0,1,1,1,4,3,FALSE,
Satyrium californica,,"Satyrium californica, Satyrium californica cygnus, Satyrium californica obscurafacies",,,,2.87984375,1,1,0,1,0,1,0,0,0,0,0,0,0,0,1,1,1,4,3,FALSE,
Satyrium caryaevorus,Satyrium caryaevorus,,,,,2.85,1,0,1,1,0,1,0,0,1,0,0,1,0,0,1,0,1,5,3,FALSE,
Satyrium edwardsii,Satyrium edwardsii,,,,,2.89,0,0,0,1,0,1,0,0,1,0,0,0,0,0,1,1,1,3,3,FALSE,
Satyrium favonius,"Fixsenia favonius, Fixsenia ontario, Thecla autolycus",,Satyrium favonius,,,2.9,1,1,1,1,0,1,0,0,1,0,0,0,0,0,1,0,1,6,2,FALSE,
Satyrium liparops,Satyrium liparops,,,,,2.828571429,0,0,1,1,0,1,0,0,1,0,0,0,1,0,1,0,1,4,3,FALSE,
Satyrium sylvinus,"Strymon sylvinus, Thecla dryope, Thecla putnami",,Satyrium sylvinus,Satyrium sylvinus,,2.7375,1,1,1,1,1,1,1,0,1,0,0,0,0,0,1,1,1,8,3,FALSE,
Satyrium titus,Harkenclenus titus,,Satyrium titus,Satyrium titus,,2.90714,1,0,1,1,0,0,0,0,0,0,0,0,0,0,0,0,1,3,1,FALSE,
Speyeria aphrodite,Speyeria aphrodite,,,,,6.91,1,0,0,1,1,1,0,0,0,0,0,0,0,0,0,1,1,4,2,FALSE,
Speyeria atlantis,,"Speyeria atlantis, Speyeria atlantis canadensis, Speyeria atlantis hollandi ",,,,5.5775,1,0,0,1,1,1,0,0,0,0,0,0,0,0,0,0,1,4,1,FALSE,
Speyeria callippe,"Speyeria callippe, Speyeria nevadensis",,,,,5.9375,0,0,0,1,1,0,0,0,0,0,0,0,0,0,0,0,1,2,1,TRUE,
Speyeria cybele,"Speyeria cybele, Speyeria leto",,,,,8.11,1,0,0,0,0,1,0,0,0,0,0,0,0,0,0,1,1,2,2,FALSE,
Speyeria diana,Speyeria diana,,,,,10.03333333,1,0,0,0,0,1,0,0,1,0,0,0,0,0,0,0,1,3,1,FALSE,
Speyeria hesperis,,"Speyeria hesperis, Speyeria hesperis beani, Speyeria hesperis capitanensis, Speyeria hesperis chitone, Speyeria hesperis cottlei, Speyeria hesperis dodgei, Speyeria hesperis dorothea, Speyeria hesperis electa, Speyeria hesperis irene, Speyeria hesperis nausicaa, Speyeria hesperis ratonensis, Speyeria hesperis schellbachi, Speyeria hesperis tetonia",,,,5.683333333,1,0,0,1,1,1,0,0,0,0,0,0,0,0,0,1,1,4,2,FALSE,
Speyeria hydaspe,Speyeria hydaspe,,,,,5.040416667,1,0,0,1,1,1,0,0,0,0,0,0,0,0,0,1,1,4,2,FALSE,
Speyeria mormonia,Speyeria mormonia,,,,,4.85,1,0,0,1,1,1,0,1,0,0,0,0,0,0,0,0,1,5,1,FALSE,
Speyeria zerene,Speyeria zerene,,,,,5.833333333,0,0,0,1,1,0,0,0,0,0,0,0,0,0,0,0,1,2,1,FALSE,
Staphylus ceos,Staphylus ceos,,,,,2.475,1,0,1,0,0,1,0,0,0,0,0,0,0,0,0,0,1,3,1,FALSE,
Staphylus mazans,Staphylus mazans,,,,,2.625,1,0,1,1,0,0,0,0,0,0,0,0,0,0,0,1,0,3,1,FALSE,
Strymon bazochii,Strymon bazochii,,,,,2.3275,0,1,0,1,0,0,0,0,1,0,0,0,0,0,1,0,1,3,2,FALSE,
Strymon melinus,"Strymon melinus, Thecla pudica",,,,,2.85,0,1,1,0,1,1,0,0,1,0,0,0,0,0,1,0,1,5,2,TRUE,
,Strymon saepium,,Satyrium saepium,Satyrium saepium,,2.75,,,,,,,,,,,,0,0,0,1,0,1,,2,,
Systasea pulverulenta,Systasea pulverulenta,,,,,2.675,0,0,0,1,0,1,0,0,0,0,0,0,0,0,0,1,1,2,2,FALSE,
Systasea zampa,Systasea zampa,,,,,3.15,0,0,0,1,0,1,0,0,0,0,0,0,0,0,0,1,0,2,1,FALSE,
Texola elada,Texola elada,,,,,2.55,0,0,1,1,1,1,0,0,0,0,0,0,0,0,0,1,1,4,2,FALSE,
Thorybes bathyllus,Thorybes daunus,,Thorybes bathyllus,Thorybes bathyllus,,3.65,0,0,0,1,0,0,0,0,0,0,0,0,0,0,0,1,1,1,2,FALSE,
Thorybes pylades,Thorybes pylades,,,,,3.594305556,0,1,0,1,0,0,0,0,0,0,0,0,0,0,0,1,1,2,2,FALSE,
Thymelicus lineola,Thymelicus lineola,,,,,2.533333334,1,0,0,0,0,1,0,0,0,0,0,0,0,0,0,0,0,2,0,TRUE,
Urbanus dorantes,,"Thorybes dorantes, Thorybes dorantes calafia, Thorybes dorantes dorantes, Thorybes dorantes santiago",,,,3.563461539,0,0,0,1,1,0,0,1,0,0,0,0,0,1,1,1,1,3,4,TRUE,
Urbanus procne,Urbanus procne,,,,,4.3625,0,0,1,1,0,0,0,0,0,0,0,0,0,0,1,1,1,2,3,FALSE,
Urbanus proteus,Urbanus proteus,,,,,4.220151516,1,0,0,1,0,0,0,1,1,0,0,0,0,0,1,1,0,4,2,TRUE,
Vanessa annabella,Vanessa annabella,,Vanessa annabella,Vanessa annabella,,4.6875,0,0,0,1,0,1,0,0,1,0,0,1,0,0,0,0,1,3,2,TRUE,
Vanessa atalanta,Vanessa atalanta,,,,,5.525,1,0,1,0,1,0,0,0,0,0,0,0,0,0,0,1,1,3,2,TRUE,
Vanessa cardui,Vanessa cardui,,,,,5.526463676,1,1,1,1,0,1,0,0,1,0,0,1,0,0,0,0,1,6,2,TRUE,
Vanessa virginiensis,Vanessa virginiensis,,,,,5.341666667,1,0,1,1,0,1,1,0,0,0,0,1,0,0,0,0,1,5,2,TRUE,
Wallengrenia otho,Polites otho,"Polites otho, Polites otho clavus, Polites otho otho",,,,2.9,1,0,0,1,1,1,0,0,0,0,0,0,0,0,0,1,1,4,2,FALSE,
Zerene cesonia,Zerene cesonia,,,,,5.267361111,1,0,0,0,0,0,1,0,0,1,0,0,0,0,0,0,0,3,0,TRUE,
